smiles,ESOL predicted log solubility in mols per litre
N#CC(OC1OC(COC2OC(CO)C(O)C(O)C2O)C(O)C(O)C1O)C1:C:C:C:C:C:1,-0.974
CC1:O:C:C:C:1C(=O)NC1:C:C:C:C:C:1,-2.885
CC(C)=CCCC(C)=CC=O,-2.579
C1:C:C:C2:C(:C:1):C:C:C1:C:2:C:C:C2:C3:C:C:C:C:C:3:C:C:C:2:1,-6.618
C1:C:C:S:C:1,-2.232
C1:C:C:C2:S:C:N:C:2:C:1,-2.733
ClC1:C:C(Cl):C(C2:C(Cl):C:C:C:C:2Cl):C(Cl):C:1,-6.545
CC12CCC3C4:C:C:C(O):C:C:4CCC3C1CCC2O,-4.138
ClC1=C(Cl)C2(Cl)C3C4CC(C5OC45)C3C1(Cl)C2(Cl)Cl,-4.533
C=C(C)C1CC2:C(:C:C:C3:C:2OC2COC4:C:C(OC):C(OC):C:C:4C2C3=O)O1,-5.246
O=C1CCCN1,0.243
ClC1:C:C:C2:C:C:C:C:C:2:C:1,-4.063
C=CCCC,-2.01
CCC1(C2:C:C:C:C:C:2)C(=O)NCNC1=O,-1.897
CCCCCCCCCCCCCC,-5.45
CC(C)Cl,-1.585
CCC(C)CO,-1.027
N#CC1:C:C:C:C:C:1,-2.03
CCOP(=S)(OCC)OC1:C:C(C):N:C(C(C)C):N:1,-3.989
CCCCCCCCCC(C)O,-3.096
ClC1:C:C:C(C2:C(Cl):C:C:C(Cl):C:2Cl):C(Cl):C:1,-6.627
O=C1:[NH]:C2:C(:C(=O):N:1C1CCCCC1)CCC2,-3.355
CCOP(=S)(OCC)SCSCC,-3.747
CCOC1:C:C:C(NC(C)=O):C:C:1,-2.342
CCN(CC)C1:C([N+](=O)[O-]):C:C(C(F)(F)F):C(N):C:1[N+](=O)[O-],-4.479
CCCCCCCO,-1.751
CN1:C(=O):C2:[NH]:C:N:C:2:N(C):C:1=O,-1.452
CCCCC1(CC)C(=O)NC(=O)NC1=O,-1.974
ClC(Cl)=C(C1:C:C:C(Cl):C:C:1)C1:C:C:C(Cl):C:C:1,-6.553
CCCCCCCC(=O)OC,-2.608
CCC1:C:C:C(CC):C:C:1,-3.633
CCOP(=S)(OCC)SCSC(C)(C)C,-4.367
COC(=O)NC1:C:C:C:C(OC(=O)NC2:C:C:C:C(C):C:2):C:1,-4.229
C=C(Cl)Cl,-1.939
CC1:C:C:C:C2:C:1CC1:C:C:C:C:C:12,-4.478
CCCCC=O,-1.103
C1:C:C:C(NC2:C:C:C:C:C:2):C:C:1,-3.857
CN(C)C(=O)SCCCCOC1:C:C:C:C:C:1,-3.297
CCCOP(=S)(OCCC)SCC(=O)N1CCCCC1C,-4.637
CCCCCCCI,-3.904
ClC1:C:C:C:C(C2:C:C:C:C:C:2):C:1,-4.685
C=CCCCO,-0.791
O=C1NC(=O)C2(CCC2)C(=O)N1,-0.527
CC1CCC(C(C)C)C(O)C1,-2.782
CC(C)OC=O,-0.684
CCCCCC(C)O,-1.678
CC(=O)NC1:C:C:C(Br):C:C:1,-3.012
NC1:C:N:N(C2:C:C:C:C:C:2):C(=O):C:1Br,-3.005
COC(=O)C1=C(C)NC(C)=C(C(=O)OC)C1C1:C:C:C:C:C:1[N+](=O)[O-],-4.248
CC1:C:C:C2:C:C:C(C):N:C:2:C:1,-3.342
C#CCCCCCC,-2.509
CCC1(C2=CCCCC2)C(=O)NC(=O)NC1=O,-2.421
C1:C:C:C2:C(:C:1):C:C:C1:C3:C:C:C:C:C:3:C:C:C:2:1,-5.568
CCC(C)N1:C(=O):[NH]:C(C):C(Br):C:1=O,-3.419
ClC1:C:C:C:C(C2:C(Cl):C(Cl):C:C(Cl):C:2Cl):C:1Cl,-7.185
CC1:C:C:C:C:C:1O,-2.281
CC(C)CCC(C)(C)C,-3.631
CC1:C:C:C(C):C2:C:C:C:C:C:1:2,-4.147
CC1:C:C2:C3:C:C:C:C:C:3:C:C:C:2:C2:C:C:C:C:C:1:2,-5.931
CCCC(C)=O,-0.846
ClC1:C:C(Cl):C(Cl):C(C2:C(Cl):C(Cl):C:C(Cl):C:2Cl):C:1Cl,-8.304
CCCOC(=O)CC,-1.545
CC12C=CC(=O)C=C1CCC1C3CC(O)C(O)(C(=O)CO)C3(C)CC(O)C12F,-2.734
NC1:C:C:C(O):C:C:1,-1.231
O=C(CN1:C:C:N:C:1[N+](=O)[O-])NCC1:C:C:C:C:C:1,-2.321
O=C1C(O)=C(C2CCC(C3:C:C:C(Cl):C:C:3)CC2)C(=O)C2:C:C:C:C:C:21,-6.269
CCNC1:N:C(Cl):N:C(N(CC)CC):N:1,-3.233
NC(=O)C1:C:N:C:C:N:1,-0.674
CCC(Br)(CC)C(=O)NC(N)=O,-2.198
ClC1:C:C:C:C:C:1C1:C:C:C:C:C:1Cl,-4.984
O=C1CN(N=CC2:C:C:C([N+](=O)[O-]):O:2)C(=O)N1,-1.243
O=[N+]([O-])C1:C:C:C(OC2:C:C:C(Cl):C:C:2Cl):C:C:1,-5.361
CC12CCC(CC1=O)C2(C)C,-2.158
C=CCC1(C2:C:C:C:C:C:2)C(=O)NC(=O)NC1=O,-2.36
CCCCC(=O)OCC,-1.899
CC(=O)OCCC(C)C,-1.817
CCCCCC(=O)OCN1C(=O)NC(C2:C:C:C:C:C:2)(C2:C:C:C:C:C:2)C1=O,-4.153
ClC1:C:C:C:C(C2:C:C(Cl):C:C:C:2Cl):C:1,-5.762
CCCBr,-1.949
CCCC1COC(CN2:C:N:C:N:2)(C2:C:C:C(Cl):C:C:2Cl)O1,-4.603
COP(=S)(OC)SCC(=O)N(C)C=O,-2.087
CC1:N:C:N:C2:N:C:C:N:C:1:2,-1.24
NC(N)=S,0.329
CC1:C:C:C(C):C:C:1,-3.035
CCC1:C:C:C:C:C:1CC,-3.601
ClC(Cl)(Cl)C(Cl)(Cl)Cl,-4.215
CC(C)C(C(=O)OC(C#N)C1:C:C:C:C(OC2:C:C:C:C:C:2):C:1)C1:C:C:C(OC(F)F):C:C:1,-6.878
CCC[N+](=O)[O-],-0.816
CC1CCC(C(C)C)C(=O)C1,-2.516
CCN1C2:C:C(Cl):C:C:C:2NC(=O)C2:C:C:C:N:C:21,-4.423
O=[N+]([O-])C1:C:C:C:C(Cl):C:1Cl,-3.322
C=CCC1(C(C)CCC)C(=O)NC(=S)NC1=O,-3.063
C1:C:C:C2:C(:C:1)C1:C:C:C:C3:C:C:C:C2:C:1:3,-4.957
CCCOC(C)C,-1.354
CC1:C:C(C):C2:C:C:C:C:C:2:C:1,-4.147
CCC(=C(CC)C1:C:C:C(O):C:C:1)C1:C:C:C(O):C:C:1,-5.074
N#CC1:C(Cl):C(Cl):C(Cl):C(C#N):C:1Cl,-3.995
ClC1:C:C:C(Cl):C(C2:C:C:C(Cl):C(Cl):C:2):C:1,-6.312
C1:C:C:C(C2CO2):C:C:1,-1.826
CC(C)C1:C:C:C:C:C:1,-3.265
CC12CCC(=O)C=C1CCC1C2CCC2(C)C(C(=O)CO)CCC12,-3.939
ClC1:C(Cl):C(Cl):C2:N:C:C:N:C:2:C:1Cl,-4.438
OC1COC(O)C(O)C1O,0.601
ClCCl,-1.156
CCC1:C:C:C:C2:C:C:C:C:C:1:2,-4.1
COC=O,-0.048
O=[N+]([O-])C1:C:C:C:C:C:1O,-2.318
CC1:C:[NH]:C(=O):[NH]:C:1=O,-0.78
CC(C)C,-1.891
OCC1OC(N2:C:N:C3:C(O):N:C:N:C:3:2)C(O)C1O,-0.834
N#CC1:C:C(I):C(O):C(I):C:1,-4.615
O=C(NC1:C:C:C([N+](=O)[O-]):C:C:1Cl)C1:C:C(Cl):C:C:C:1O,-5.032
CCCCC,-2.261
OC1:C:C:C:C:C:1,-1.991
NC1:C:C:C2:C:C3:C:C:C:C:C:3:C:C:2:C:1,-3.789
CN1:C:N:C2:C:1:C(=O):[NH]:C(=O):N:2C,-1.05
C1:C:C:C2:C:N:C:C:C:2:C:1,-2.531
COP(=S)(OC)SCC(=O)N(C1:C:C:C(Cl):C:C:1)C(C)C,-5.106
CCCCCCC1:C:C:C:C:C:1,-4.22
ClC1:C:C:C:C:C:1C1:C:C:C:C:C:1,-4.528
C=C(C)CCC,-2.348
CC(C)C(C)C(C)C,-3.276
ClC1:C:C(Cl):C(Cl):C(Cl):C:1Cl,-5.168
O=[N+]([O-])C1:C:C:C:C(O):C:1,-2.318
C=CCCCCCCCC,-3.781
CC(=O)OCC(COC(C)=O)OC(C)=O,-1.285
CCCCC1:C(C):N:C(N(C)C):N:C:1O,-3.57
CC1(C)C(C=C(Cl)Cl)C1C(=O)OC(C#N)C1:C:C:C(F):C(OC2:C:C:C:C:C:2):C:1,-6.84
C1:C:C:N:C:C:1,-1.481
CCCCCCCBr,-3.366
CC1:C:C:N:C:C:1C,-2.067
CC12CCC(=O)C=C1CCC1C3CCC(O)(C(=O)CO)C3(C)CC(O)C12F,-3.172
CCSCC1:C:C:C:C:C:1OC(=O)NC,-2.855
CCOC(=O)CC(=O)OCC,-1.413
C=C(C)C1CC=C(C)CC1,-3.429
C1:C:C:C2:C(:C:1)CCC2,-3.057
CC(C)(C)C1:C:C:C(O):C:C:1,-3.192
O=C1NC(=O)C2(CC2)C(=O)N1,-0.088
ClC1:C:C:C:C(I):C:1,-4.384
BrC1:C:C:C:C2:C:C:C:C:C:1:2,-4.434
C/C=C/CC,-2.076
CC1:C:C:C:C(C):N:1,-2.098
ClC=C(Cl)Cl,-2.312
NC1:C:C:C:C2:C:C:C:C:C:1:2,-2.721
CC1:C:C:C:C(C):C:1,-3.035
OC1:N:C:C2:N:C:C:N:C:2:N:1,-1.404
CO,0.441
CCC1(CCC(C)C)C(=O)NC(=O)NC1=O,-2.312
CCC(C)=O,-0.491
O=C1:[NH]:C:C(F):C(=O):[NH]:1,-0.792
NC1:N:C:N:C2:C:1:C:C:N:2C1OC(CO)C(O)C1O,-0.892
OC1:C:C:C:C(O):C:1,-1.59
CCCCCCO,-1.397
CCCCCCl,-2.294
C=CC=C,-1.376
CCCOC(C)=O,-1.125
OC1:C:C:C2:C(:C:1)CCCC2,-3.086
NC(=O)CCl,-0.106
COP(=S)(OC)OC1:C:C(Cl):C(I):C:C:1Cl,-6.148
CC1:C:C:C(Cl):C:C:1,-3.297
CSC1:N:N:C(C(C)(C)C):C(=O):N:1N,-2.324
CC1:C:C:C(OP(=O)(OC2:C:C:C:C(C):C:2)OC2:C:C:C:C:C:2C):C:C:1,-6.39
CCCCCC=O,-1.457
CCCCOC(=O)C1:C:C:C(N):C:C:1,-3.039
CC1:C:C:C2:C(:C:1)OC1:N:C:C(N):C:C:1C(=O)N2C,-3.049
CC(C)=CCC/C(C)=C\CO,-2.603
ClC1:C:C:C(C2:C:C:C:C:C:2Cl):C:C:1,-5.142
CCCCCCCC(=O)OCN1C(=O)NC(C2:C:C:C:C:C:2)(C2:C:C:C:C:C:2)C1=O,-4.84
CC[N+](=O)[O-],-0.462
C=C(C)CN(CC)C1:C([N+](=O)[O-]):C:C(C(F)(F)F):C:C:1[N+](=O)[O-],-5.063
ClC1:C:C:C(Cl):C(Cl):C:1Cl,-4.546
CCCC(C)(COC(N)=O)COC(N)=O,-1.376
CC(=O)C1CCC2C3CC=C4CC(O)CCC4(C)C3CCC12C,-4.342
CI,-1.646
CC1CC(C)C(=O)C(C(O)CC2CC(=O)NC(=O)C2)C1,-1.532
CCCCCCC(=O)OCN1C(=O)NC(C2:C:C:C:C:C:2)(C2:C:C:C:C:C:2)C1=O,-4.496
CC1=CC(=O)CC(C)(C)C1,-2.015
CCC(C)C1(CC)C(=O)NC(=O)NC1=O,-1.958
CCCCC(=O)CCCC,-2.329
CCC1(C2:C:C:C:C:C:2)CCC(=O)NC1=O,-2.591
CCC(C)CC,-2.6
CCOC1:C:C:C(C(C)(C)COCC2:C:C:C:C(OC3:C:C:C:C:C:3):C:2):C:C:1,-6.896
CC1:C:C:C:C:C:1N1:C(C):N:C2:C:C:C:C:C:2:C:1=O,-3.881
N#CCCl,-0.448
CCOP(=S)(CC)OC1:C:C(Cl):C(Cl):C:C:1Cl,-5.225
C#CC1(O)CCC2C3CCC4=CC(=O)CCC4(C)C3CCC21C,-3.858
C1:C:C:N:N:C:1,-0.619
ClC1:C:C(Cl):C(Cl):C(Cl):C:1,-4.621
CC1COC2CC3(C)C(CC4C5C=C6CC(O)CCC6(C)CC5CCC43C)OC2C1,-5.681
NC1:C:C:C:C:C:1O,-1.465
CCCCCCCCC(=O)OCC,-3.316
COCC(=O)N(C1:C(C):C:C:C:C:1C)C(C)C(=O)OC,-2.87
CNC(=O)OC1:C:C:C:C:C:1OC(C)C,-2.409
CCC(C)Cl,-1.94
OC1:C:C:C2:C:C:C:C:C:2:C:1,-3.08
CC(C)OC1:C:C(N2:N:C(C(C)(C)C):O:C:2=O):C(Cl):C:C:1Cl,-5.265
C#CCCCC,-1.801
C#CCCCCCCC,-2.864
CC1:C:C:C:C:C:1Cl,-3.297
CC(C)OC(C)C,-1.281
NC1:C:C:C(S(=O)(=O)C2:C:C:C(N):C:C:2):C:C:1,-2.464
CNN,0.543
C#CC,-0.672
CCOP(=S)(OCC)ON=C(C#N)C1:C:C:C:C:C:1,-4.557
CCNP(=S)(OC)OC(C)=CC(=O)OC(C)C,-2.826
C=CC=O,-0.184
O=C1:[NH]:C:N:C2:N:C:[NH]:C:1:2,-0.656
OC1:C:C:C2:N:C:C:C:C:2:C:1,-2.725
FC1:C:C:C:C:C:1,-2.514
CCCCl,-1.585
CCOC(C)=O,-0.77
CCCC(C)(C)C,-2.938
CC1:C:C(C):C(C):C(C):C:1C,-3.993
CC12CCC(CC1)C(C)(C)O2,-2.579
CCCCOC(=O)CCCCCCCCC(=O)OCCCC,-4.726
ClC1:C:C:C(C2:C:C:C(Cl):C:C:2):C:C:1,-5.299
CC1:C:C:C:N:C:1C,-2.067
C=C(C)C1CC=C(C)C(=O)C1,-2.042
CCOP(=S)(OCC)SCSC1:C:C:C(Cl):C:C:1,-5.828
COC1:C:C(C2C3:C:C4:C(:C:C:3C(OC3OC5COC(C)OC5C(O)C3O)C3COC(=O)C23)OCO4):C:C(OC):C:1O,-3.292
C1:C:C2:C:C:C:C3:C4:C:C:C:C5:C:C:C:C(:C(:C:1):C:2:3):C:5:4,-6.007
CC1:C:C:C([N+](=O)[O-]):C:C:1[N+](=O)[O-],-2.604
BrC1:C:C:C2:C:C:C:C:C:2:C:1,-4.434
CNC(=O)OC1:C:C:C:C(N=CN(C)C):C:1,-1.846
COC1:C:N:C2:N:C:N:C:C:2:N:1,-1.589
CC1:C:C:N:C2:C:1NC(=O)C1:C:C:C:N:C:1N2C1CC1,-3.397
CCOP(=S)(OCC)OC1:N:C(Cl):N(C(C)C):N:1,-3.76
C=CC(=C)C,-1.714
C=CC(C)(O)CCC=C(C)C,-2.399
COP(=S)(OC)OC1:C:C:C(SC):C(C):C:1,-4.265
OC1CCCCC1,-1.261
C=CCC1(C)C(=O)NC(=O)NC1=O,-1.013
CC12CCC3C(CCC4CC(O)CCC43C)C1CCC2=O,-3.882
OCC(O)C(O)C(O)C(O)CO,0.647
CC1:C:C:C(C2:C:C:C:C:C:2):C:C:1,-4.424
CCNC1:N:C(Cl):N:C(NC(C)C):N:1,-3.069
NC(=S)NC1:C:C:C:C:C:1,-1.701
CCCC(=O)CCC,-1.62
CC(=O)C(C)(C)C,-1.25
OC1:C:C:C(Cl):C:C:1,-2.761
O=C1CCCCC1,-0.996
CC1:C:C:C:C(N):C:1,-1.954
N#CC(Cl)(Cl)Cl,-2.019
CNC1:C:N:N(C2:C:C:C:C(C(F)(F)F):C:2):C(=O):C:1Cl,-4.029
CCCCCCCCC(C)=O,-2.617
CCN(CC)C1:N:C(Cl):N:C(NC(C)C):N:1,-3.497
CCOC(=O)C1:C:C:C(N):C:C:1,-2.383
ClC1:C:C:C(Cl):C(Cl):C:1,-4.083
CC1:N:N:C2:N:1C1:C:C:C(Cl):C:C:1C(C1:C:C:C:C:C:1Cl)=NC2,-3.948
OC1:C:C:C:C:C:1O,-1.635
CCN1C2:N:C:C:C:C:2C(=O)N(C)C2:C:C:C:N:C:21,-2.794
CSC,-0.758
CC1:C:C:C:C:C:1Br,-3.667
CCOC(N)=O,-0.218
CC(=O)OC1(C(C)=O)CCC2C3C=C(C)C4=CC(=O)CCC4(C)C3CCC21C,-4.417
CC(C)C(O)C(C)C,-1.647
C1:C:C:C2:C:C:C:C:C:2:C:1,-3.468
CCNC1:C:C:C:C:C:1,-2.389
O=C1NC(=O)C(C2:C:C:C:C:C:2)(C2:C:C:C:C:C:2)N1,-3.057
CC1:C2:C:C:C:C:C:2:C(C):C2:C:1:C:C:C1:C:C:C:C:C:1:2,-6.297
CCOP(=S)(OCC)SC(CCl)N1C(=O)C2:C:C:C:C:C:2C1=O,-5.026
COC1:C:C:C(C(C2:C:C:C(OC):C:C:2)C(Cl)(Cl)Cl):C:C:1,-5.538
O=C(NC(=O)C1:C(F):C:C:C:C:1F)NC1:C:C(Cl):C(F):C(Cl):C:1F,-5.462
CCCCC(=O)OCN1C(=O)NC(C2:C:C:C:C:C:2)(C2:C:C:C:C:C:2)C1=O,-3.81
CN(C)C(=O)NC1:C:C:C(Cl):C:C:1,-2.671
OC(CN1:C:N:C:N:1)(C1:C:C:C(F):C:C:1)C1:C:C:C:C:C:1F,-3.569
CC(=O)OCC(=O)C1(O)C(OC(C)=O)CC2C3CCC4=CC(=O)C=CC4(C)C3(F)C(O)CC21C,-3.876
CCCCBr,-2.303
BrC1:C:C(Br):C(Br):C:C:1Br,-6.001
CC(=O)CC(C)C,-1.184
CCSC(=O)N(CC)C1CCCCC1,-3.35
COC1:C:C:C(Cl):C:C:1,-3.057
CC1(C)C(C=C(Br)Br)C1C(=O)OC(C#N)C1:C:C:C:C(OC2:C:C:C:C:C:2):C:1,-7.44
C=CCC1(C(C)CC)C(=O)NC(=O)NC1=O,-2.06
COP(=S)(OC)OC1:C:C:C([N+](=O)[O-]):C(C):C:1,-3.845
IC1:C:C:C:C2:C:C:C:C:C:1:2,-4.889
OCC(O)C(O)C(O)C(O)CO,0.647
CCS,-0.968
ClCC(Cl)Cl,-1.961
CC1:C:C(OC(=O)N(C)C):N(C2:C:C:C:C:C:2):N:1,-3.141
NC(=O)C1:C:C:C:C:C:1O,-1.942
CC1:C:C:C:C:C:1[N+](=O)[O-],-2.589
CC(C)C1(C(C)C)C(=O)NC(=O)NC1=O,-1.942
CCC1:C:C:C:C:C:1C,-3.296
CCCCCCCCl,-3.003
CCC1(CC)C(=O)NC(=O)NC1=O,-1.265
C1:C:C:C(CCC2:C:C:C:C:C:2):C:C:1,-4.301
ClC(Cl)C(Cl)Cl,-2.549
CCN1C2:C:C(OC):C:C(C):C:2NC(=O)C2:C:C:C:N:C:21,-4.228
CC1:C:C:C2:C(:C:C:C3:C:C:C:C:C:3:2):C:1,-4.87
CCCCOC(=O)C1:C:C:C:C:C:1C(=O)OCCCC,-4.378
COC1:C(O):C(Cl):C(Cl):C(Cl):C:1Cl,-4.299
CCN(CC)C(=O)C(Cl)=CCOP(=O)(OC)OC,-2.426
CC12CCC3C(=CCC4:C:C(O):C:C:C:43)C1CCC2=O,-3.555
CCOC(=O)C1:C:C:C:C:C:1S(=O)(=O)NN(C=O)C1:N:C(Cl):C:C(OC):N:1,-3.719
COC1:C:C:C([N+](=O)[O-]):C:C:1,-2.522
CCCCCCCl,-2.648
ClC1:C:C(C2:C:C(Cl):C(Cl):C(Cl):C:2Cl):C(Cl):C(Cl):C:1Cl,-8.468
OCC1OC(OCC2OC(OC3(CO)OC(CO)C(O)C3O)C(O)C(O)C2O)C(O)C(O)C1O,0.496
CCCCCCCCCCCCCCCCCCCCCCCCCC,-9.702
CCN1C2:C:C:C:C:C:2N(C)C(=O)C2:C:C:C:N:C:21,-3.471
CC(Cl)Cl,-1.576
NC1:C:C:C(S(N)(=O)=O):C:C:1,-0.954
CCCN(CCC)C1:C([N+](=O)[O-]):C:C(C(C)C):C:C:1[N+](=O)[O-],-5.306
ClC1C(Cl)C(Cl)C(Cl)C(Cl)C1Cl,-4.009
CCOP(=S)(NC(C)C)OC1:C:C:C:C:C:1C(=O)OC(C)C,-4.538
ClC1:C:C:C:C(Cl):C:1Cl,-4.008
ClC(Cl)(Cl)Cl,-2.607
O=[N+]([O-])C1:C:C:C(Cl):C(Cl):C:1,-3.448
OC1CCCCCCC1,-2.14
CC12CCC(=O)C=C1CCC1C2CCC2(C)C1CCC2(C)O,-4.073
CCOC1:C:C:C(NC(N)=O):C:C:1,-2.167
CC1CCC(C)CC1,-3.305
C1:C:N:C2:C(:C:1):C:C:C1:N:C:C:C:C:1:2,-2.994
COC(C)(C)C,-0.984
CC=CC1:C:C:C(OC):C:C:1,-3.254
CCCCCCCCCCCCCCCCO,-4.94
O=C1:C:C:[NH]:C(=O):[NH]:1,-0.441
NC1:N:C:N:C2:N:C:[NH]:C:1:2,-1.255
ClC1:C:C(Cl):C(C2:C:C:C:C(Cl):C:2Cl):C:C:1Cl,-6.709
COC1:C:C:C(C(O)(C2:C:N:C:N:C:2)C2CC2):C:C:1,-2.181
C1:C:C:C2:C(:C:1)C1:C:C:C:C3:C:1:C2:C:C1:C:C:C:C:C:1:3,-6.007
O=C(NC1:C:C:C:C:C:1)NC1:C:C:C:C:C:1,-3.611
CCC1(C2:C:C:C:C:C:2)C(=O)NC(=O)NC1=O,-2.272
ClC1:C:C:C(C2:C:C:C:C(Cl):C:2Cl):C:C:1,-5.686
CC(C)C1:C:C:C(NC(=O)N(C)C):C:C:1,-2.867
CCN(CC)C(=O)CSC1:C:C:C(Cl):N:N:1,-2.231
CCC(C)(C)CO,-1.365
CCCOC(=O)CCC,-1.899
CC1:C([N+](=O)[O-]):C:C([N+](=O)[O-]):C:C:1[N+](=O)[O-],-2.606
CC(C)OP(=S)(OC(C)C)SCCNS(=O)(=O)C1:C:C:C:C:C:1,-4.99
C1CCCCCC1,-2.916
CCCOC=O,-0.757
CC1:C:C:C:C:C:1C(C)C,-3.585
NC1:C:C:C:C(Cl):C:1,-2.392
CC(C)CC(C)C,-2.938
C1:C:C:C2:C(:C:1):O:C1:C:C:C:C:C:1:2,-4.201
CCOC1OC2:C:C:C(OS(C)(=O)=O):C:C:2C1(C)C,-3.184
CN(C)C(=O)NC1:C:C:C:C(C(F)(F)F):C:1,-3.065
C1:C:C:C2:N:C3:C:C:C:C:C:3:C:C:2:C:1,-3.846
CC12CCC(=O)C=C1CCC1C2C(=O)CC2(C)C1CCC2(O)C(=O)CO,-2.893
OCC1OC(O)C(O)C(O)C1O,0.501
CC1:C:C:C:C(O):C:1,-2.313
CC1CC2:C:C:C:C:C:2N1NC(=O)C1:C:C:C(Cl):C(S(N)(=O)=O):C:1,-4.345
CCC(C)C(=O)OC1CC(C)C=C2C=CC(C)C(CCC3CC(O)CC(=O)O3)C21,-4.731
O=[N+]([O-])C1:C:C:C([N+](=O)[O-]):C:C:1,-2.281
CCC1(C2=CCC3CCC2C3)C(=O)NC(=O)NC1=O,-2.781
CCCCCCCCCC(=O)OCC,-3.671
CN(C)C(=O)NC1:C:C:C:C:C:1,-1.847
CCCOCC,-1.072
CC(C)O,-0.261
CC1:C:C:C2:C:C:C:C:C:2:C:1,-3.802
ClC(Br)Br,-2.54
CCC(C1:C:C:C(O):C:C:1)C(CC)C1:C:C:C(O):C:C:1,-4.854
CCOC(=O)CC(SP(=S)(OC)OC)C(=O)OCC,-3.391
ClCC1:C:C:C:C:C:1,-2.887
C/C=C/C=O,-0.604
CON(C)C(=O)NC1:C:C:C(Br):C(Cl):C:1,-3.938
CC1:C2:C:C:C:C:C:2:C(C):C2:C:C:C:C:C:1:2,-5.228
CCCCCC(=O)OC,-1.899
CN(C)C(=O)NC1:C:C:C(N2:N:C(C(C)(C)C):O:C:2=O):C(Cl):C:1,-3.831
CC(=O)NC1:C:C:C(F):C:C:1,-2.181
CCC1:C:C:C:C(CC):C:1N(COC)C(=O)CCl,-3.319
C1=CCCCC1,-2.16
CC12CCC(=O)C=C1CCC1C2C(O)CC2(C)C1CCC2(O)C(=O)CO,-3.159
C1:C:N:C:N:C:1,-0.884
O=[N+]([O-])C1:C:C:C(Cl):C:C:1,-2.901
CCC(=O)OC,-0.836
O=[N+]([O-])C1:C:C:C:C:C:1Cl,-2.775
CCCCN(C)C(=O)NC1:C:C:C(Cl):C(Cl):C:1,-4.157
CN1CC(O)N(C2:N:N:C(C(C)(C)C):S:2)C1=O,-2.398
O=[N+]([O-])C1:C:C:C:C:C:1,-2.288
IC1:C:C:C:C:C:1,-3.8
CC1:C:C:C:C:C:1N1C(=O)C2:C:C(S(N)(=O)=O):C(Cl):C:C:2NC1C,-3.777
COC1:C:C:C:C:C:1OCC(O)COC(N)=O,-1.428
CCCCOCN(C(=O)CCl)C1:C(CC):C:C:C:C:1CC,-4.347
OC1:C:C:C:C(Cl):C:1Cl,-3.144
CCCC(=O)OC,-1.191
CCC(=O)NC1:C:C:C(Cl):C(Cl):C:1,-3.644
NC1:N:C(N):C2:N:C(C3:C:C:C:C:C:3):C(N):N:C:2:N:1,-3.051
CCCCCC(=O)OCC,-2.254
OCC(O)C1OC2OC(C(Cl)(Cl)Cl)OC2C1O,-1.887
CC1:C:C:C(N=CN(C)C=NC2:C:C:C(C):C:C:2C):C(C):C:1,-5.533
COC1:N:C(NC(C)C):N:C(NC(C)C):N:1,-3.448
C=CCCCCCC,-3.073
CC1:C:C:C(N):C:C:1,-1.954
NC1:N:C:C:S:1,-1.226
CNC(=O)OC1:C:C:C:C:C:1,-1.947
CCCC(O)CC,-1.324
OC1:C2:C:C:C:C:C:2:C:C2:C:C:C:C:C:1:2,-4.148
CC1:C:C:C2:C:C3:C:C:C:C:C:3:C:C:2:C:1,-4.87
CC1:C:C:C:C(C):C:1C,-3.312
CNC(=O)OC1:C:C:C(N(C)C):C(C):C:1,-2.677
CCCCCCCC(C)O,-2.387
CN(C(=O)NC(C)(C)C1:C:C:C:C:C:1)C1:C:C:C:C:C:1,-3.863
CCCC(=O)CC,-1.266
N#CC1:C:C(Br):C(O):C(Br):C:1,-3.793
ClC1:C:C:C(C2:C:C:C:C:C:2):C:C:1Cl,-5.223
CN(C(=O)COC1:N:C2:C:C:C:C:C:2:S:1)C1:C:C:C:C:C:1,-4.504
OC1:C:C:C:C2:N:C:C:C:C:1:2,-2.725
CC1=C(C(=O)NC2:C:C:C:C:C:2)SCCO1,-2.927
CCOC1:C:C:C2:N:C(S(N)(=O)=O):S:C:2:C:1,-3.085
OC1:C(Cl):C(Cl):C(Cl):C(Cl):C:1Cl,-4.835
ClCBr,-1.519
CCC1(CC)C(=O)NC(=O)N(C)C1=O,-1.658
CC(=O)OCC(=O)C1CCC2C3CCC4=CC(=O)CCC4(C)C3CCC12C,-4.472
NC(=O)NCC1:C:C:C:C:C:1,-1.509
CC1:C:C:C(NC(=O)N(C)C):C:C:1Cl,-3.048
CON(C)C(=O)NC1:C:C:C(Cl):C(Cl):C:1,-3.581
OC1CCCCCC1,-1.7
CS(=O)(=O)C1:C:C:C(C(O)C(CO)NC(=O)C(Cl)Cl):C:C:1,-1.936
CCCC(C)C1(CC)C(=O)NC(=S)NC1=O,-2.96
CC(=O)NC1:N:N:C(S(N)(=O)=O):S:1,-0.793
O=[N+]([O-])C1:C:C:C(O):C:C:1,-2.318
ClC1=C(Cl)C2(Cl)C3C4C=CC(C4)C3C1(Cl)C2(Cl)Cl,-5.511
C1CCOC1,-0.62
NC1:C:C:C:C:C:1[N+](=O)[O-],-2.277
ClC1:C:C:C:C(C2:C:C:C:C(Cl):C:2Cl):C:1Cl,-6.079
CCCCC1C(=O)N(C2:C:C:C:C:C:2)N(C2:C:C:C:C:C:2)C1=O,-4.076
CC1:C([N+](=O)[O-]):C:C:C:C:1[N+](=O)[O-],-2.553
CC(=O)C1CCC2C3CCC4=CC(=O)CCC4(C)C3CCC12C,-4.17
CCN(CC)C1:N:C(Cl):N:C(N(CC)CC):N:1,-3.663
O=C1C2CC=CCC2C(=O)N1SC(Cl)(Cl)C(Cl)Cl,-4.365
BrC1:C:C:C(Br):C(Br):C:1,-5.144
O=C1NC2:C:C:C(Cl):C:C:2C(C2:C:C:C:C:C:2)=NC1O,-3.517
C=CCC1(C(C)CCC)C(=O)NC(=O)NC1=O,-2.415
CC1:C:C:C(C(C)C):C:C:1O,-3.224
O=C1CSC(=S)N1,-0.396
O=C1:C(O):C(C2:C:C:C(O):C:C:2O):O:C2:C:C(O):C:C(O):C:1:2,-2.731
O=C1C2(Cl)C3(Cl)C4(Cl)C(Cl)(Cl)C5(Cl)C3(Cl)C1(Cl)C5(Cl)C24Cl,-5.112
CCN(CC)C(=S)SSC(=S)N(CC)CC,-3.862
C1CCCCC1,-2.477
ClC1=C(Cl)C(Cl)(C2(Cl)C(Cl)=C(Cl)C(Cl)=C2Cl)C(Cl)=C1Cl,-7.848
CC1:C:C(Cl):C:C:C:1N=CN(C)C,-3.164
CC12CCC3:C(:C:C:C4:C:C(O):C:C:C:3:4)C1CCC2=O,-3.927
CCCCCCCCO,-2.105
CCSCC,-1.598
ClCCCl,-1.374
CCC(C)(C)Cl,-2.278
ClCCBr,-1.738
NC1:C:C:C([N+](=O)[O-]):C:C:1,-1.936
OCC1OC(OC2C(CO)OC(O)C(O)C2O)C(O)C(O)C1O,1.071
CCN1C(=O)C2:C:C:C:N:C:2N(CC)C2:N:C:C:C:C:21,-3.125
ClC1:C:C:C:C:C:1,-2.975
C=CCCCCCCC,-3.427
BrC1:C:C:C(I):C:C:1,-4.754
CCC(C)(O)CC,-1.308
CCCCCC1:C:C:C:C:C:1,-3.899
NC(=O)NC1NC(=O)NC1=O,0.652
O=C(OCC(O)CO)C1:C:C:C:C:C:1NC1:C:C:N:C2:C:C(Cl):C:C:C:1:2,-5.052
ClC1:C:C:C(C(C2:C:C:C(Cl):C:C:2)C(Cl)Cl):C:C:1,-6.008
CC(=O)OC1CCC2C3CCC4=CC(=O)CCC4(C)C3CCC12C,-4.449
ClC1:C:C:C:C2:C:C:C:C:C:1:2,-4.063
CCN1C2:C:C:C:C:C:2C(=O)N(C)C2:C:C:C:C:C:21,-4.007
CCCCC(C)O,-1.324
CCCC1CCCC1,-3.16
CCOC(=O)C1:C:N:C:N:1C(C)C1:C:C:C:C:C:1,-3.359
OC1:C:C:C(Cl):C(Cl):C:1,-3.352
CC1(C)C(C=C(Cl)Cl)C1C(=O)OC(C#N)C1:C:C:C:C(OC2:C:C:C:C:C:2):C:1,-6.775
C1:C:C:C2:O:C:N:C:2:C:1,-2.214
CCCCCO,-1.042
CCN(CC)C1:C:C:C:C:C:1,-3.16
FC1:C:C:C:C(F):C:1,-2.636
N#CCCCl,-0.522
CC(C)(C)CC1:C:C:C:C:C:1,-3.867
CCC1(C2:C:C:C:C:C:2)C(=O)NC(=O)NC1=O,-2.272
ClC1:C:C:C:C:C:1I,-4.384
C1:C:C:C2:[NH]:N:N:C:2:C:1,-2.21
CNC(=O)OC1:C:C:C:C2:C:1OC(C)(C)C2,-3.05
CC1:C:C:C:C(C):C:1O,-2.589
CC(C)C(C)O,-0.954
OC(C1:C:C:C:C:C:1)C1:C:C:C:C:C:1,-3.033
CCCCCCCCCC(=O)OC,-3.316
COP(=S)(OC)OC1:C:C:C([N+](=O)[O-]):C:C:1Cl,-4.188
CC(C)CBr,-2.288
CCI,-2.066
CC1:N:C(N(C)C):N:C(OC(=O)N(C)C):C:1C,-2.34
CCCCCCBr,-3.012
CCCC(C)C,-2.6
CC1:C(F):C(F):C(COC(=O)C2C(C=C(Cl)C(F)(F)F)C2(C)C):C(F):C:1F,-6.339
CCC1:C:C:C:C(C):C:1N(C(=O)CCl)C(C)COC,-3.431
O=[N+]([O-])C1:C:C:C(C=NO):O:1,-1.843
CC(C)C(NC1:C:C:C(C(F)(F)F):C:C:1Cl)C(=O)OC(C#N)C1:C:C:C:C(OC2:C:C:C:C:C:2):C:1,-8.057
NC1:N:C:[NH]:N:1,-0.674
BrC(Br)Br,-2.904
COP(=O)(OC)C(O)C(Cl)(Cl)Cl,-1.866
CCOP(=S)(OCC)SCN1:C(=O):O:C2:C:C(Cl):C:C:C:2:1,-5.024
OCC1:C:C:C:C:C:1,-1.699
O=C1:O:C2:C:C:C:C:C:2:C(O):C:1C1CCCC2:C:C:C:C:C:21,-5.194
OC1:C:C:C(Br):C:C:1,-3.132
CC(C)Br,-1.949
CC(C)CC(C)(C)C,-3.276
O=[N+]([O-])C1:C:C([N+](=O)[O-]):C:C([N+](=O)[O-]):C:1,-2.324
CN1C(=O)CN=C(C2:C:C:C:C:C:2)C2:C:C([N+](=O)[O-]):C:C:C:21,-3.557
CCC,-1.553
NC1:C:C(N2CCCCC2):N:C(N):[N+]:1[O-],-1.809
NC1:C:C:C:C2:N:C3:C:C:C:C:C:3:C:C:1:2,-3.542
C1:C:C:C2:C:C3:C(:C:C:2:C:1)C1:C:C:C:C2:C:C:C:C3:C:1:2,-6.007
OC(C1:C:C:C(Cl):C:C:1)(C1:C:C:C(Cl):C:C:1)C(Cl)(Cl)Cl,-6.268
C1:C:C2:C3:C(:C:C:C:C:3:C:1)CC2,-3.792
CCOP(=S)(OCC)SC(CCl)N1C(=O)C2:C:C:C:C:C:2C1=O,-5.026
BrC1:C:C:C(Br):C:C:1,-4.298
CN1:C(=O):O:N(C2:C:C:C(Cl):C(Cl):C:2):C:1=O,-3.601
OC1:C:C:C(C2:C:C:C:C:C:2):C:C:1,-3.701
CC1=C(C(=O)NC2:C:C:C:C:C:2)CCCO1,-2.83
C=COCC,-0.857
C#CCC,-1.092
COC1:N:C:N:C2:N:C:C:N:C:1:2,-1.589
CCCCC(C)(O)CC,-2.017
ClC1:C:C:C(Cl):C:C:1,-3.558
CC(=O)OCN1C(=O)NC(C2:C:C:C:C:C:2)(C2:C:C:C:C:C:2)C1=O,-2.723
CSCS(=O)CC(CO)NC(=O)C=CC1:C(C):[NH]:C(=O):[NH]:C:1=O,-1.57
CC1:C:[NH]:C2:C:C:C:C:C:1:2,-2.981
COC1:N:C:C2:N:C:C:N:C:2:N:1,-1.589
CNC(=O)OC1:C:C:C:C:C:1C1OCCO1,-1.614
CC(C)CNC(=O)N1CCNC1=O,-1.508
CC#N,0.152
CCOC(=O)NCCOC1:C:C:C(OC2:C:C:C:C:C:2):C:C:1,-4.662
CC(=O)N(C1:O:N:C(C):C:1C)S(=O)C1:C:C:C(N):C:C:1,-2.024
ClCC(Cl)(Cl)Cl,-2.794
CCCCO,-0.688
CC1CCCCC1NC(=O)NC1:C:C:C:C:C:1,-3.779
ClC1:C:C(Cl):C:C(Cl):C:1,-4.159
O=CC1:C:C:C:O:1,-1.391
CC(C)CCO,-1.027
O=CC1:C:C:C2:C(:C:1)OCO2,-2.033
C=C(C)C,-1.573
O=CC1:C:C:C:C:C:1,-1.999
C=C(C)C(=C)C,-2.052
CCOC(=O)CCN(SN(C)C(=O)OC1:C:C:C:C2:C:1OC(C)(C)C2)C(C)C,-5.133
CN1C(=O)C2:C:C:C:N:C:2OC2:C:C:C:C:C:21,-2.771
C1:C:C:C2:C(:C:1)CC1:C:C:C:C:C:12,-4.125
CC1CCCCC1,-2.891
N=C(N)NS(=O)(=O)C1:C:C:C(N):C:C:1,-0.706
COC(=O)C1:C:C:C(O):C:C:1,-2.441
CC1CCCO1,-1.034
CC1=C2C3OC(=O)C(C)C3CCC2(C)C=CC1=O,-2.43
OCC1:C:C:C:C:C:1OC1OC(CO)C(O)C(O)C1O,-0.975
CCCI,-2.486
CCNC1:N:C(NC(C)C):N:C(SC):N:1,-3.43
CCCO,-0.334
CC(=O)C1(O)CCC2C3CCC4=CC(=O)CCC4(C)C3CCC21C,-3.876
CCCC(C)O,-0.97
O=C(C1:C:C:C:C:C:1)C(O)C1:C:C:C:C:C:1,-3.148
CC1:C:C:C(O):C(C):C:1,-2.621
O=[N+]([O-])C1:C:C:C:C(Cl):C:1,-2.901
CC1:C(N):C(=O):N(C2:C:C:C:C:C:2):N:1C,-1.192
ClC1:C:C:C(C2:C:C(Cl):C:C:C:2Cl):C(Cl):C:1,-6.23
ClC(Cl)=C(Cl)C(Cl)=C(Cl)Cl,-4.546
CCNC1:N:C(NC(C)(C)C):N:C(SC):N:1,-3.75
CCC(C)CCO,-1.308
CC1:N:C:C2:N:C:C:N:C:2:N:1,-1.24
C#CC1(O)CCC2C3CCC4=CC5:O:N:C:C:5CC4(C)C3CCC21C,-4.557
CCCCI,-2.841
BrC1:C:C:C2:C:C:C:C:C:2:C:1,-4.434
CC1OC(OC2C(O)CC(OC3C(O)CC(OC4CCC5(C)C(CCC6C5CC(O)C5(C)C(C7=CC(=O)OC7)CCC65O)C4)OC3C)OC2C)CC(O)C1O,-5.312
FC(F)(F)C1:C:C:C:C:C:1,-3.099
CCCCCCOC(=O)C1:C:C:C:C:C:1C(=O)OCCCCCC,-5.758
C1:C:C:C2:C(:C:1):S:C1:C:C:C:C:C:1:2,-4.597
ClC1:C:C:C(C2:C:C:C(Cl):C(Cl):C:2Cl):C(Cl):C:1,-6.709
ClC1:C:C:C(C2:C:C:C(Cl):C(Cl):C:2Cl):C(Cl):C:1Cl,-7.192
CC(=O)CC(C1:C:C:C:C:C:1)C1:C(O):C2:C:C:C:C:C:2:O:C:1=O,-3.913
OC(C1:C:C:C:C:C:1)C(O)C1:C:C:C:C:C:1,-2.645
COC(=O)C1:C:C:C:C:C:1C(=O)OC,-2.347
CCCCCCCC(=O)OCC,-2.962
CCSSCC,-2.364
CCOCCOCC,-0.833
ClC1:C:C(Cl):C(Cl):C:C:1Cl,-4.621
NC1:C:C:C(C2:C:C:C(N):C:C:2):C:C:1,-2.613
C=CCCCCC,-2.718
CCCCC1:C(C):N:C(NCC):[NH]:C:1=O,-2.732
CCCC(C)C1(CC)C(=O)NC(=O)NC1=O,-2.312
NC1:C:C:C:C:C:1Cl,-2.392
COC1:C:C:C:C(Cl):C:1,-3.057
CCCCN(CC)C(=O)SCCC,-3.131
CCCCOC=O,-1.111
CC12C=CC(=O)C=C1CCC1C2C(O)CC2(C)C1CCC2(O)C(=O)CO,-2.974
ClC(Cl)Br,-2.176
CC12CC(=O)C3C(CCC4=CC(=O)CCC43C)C1CCC2=O,-2.99
C1:C:C:C(C2:C:C:C(C3:C:C:C:C:C:3):C:C:2):C:C:1,-5.741
O=CC1:C:C:C(O):C:C:1,-2.003
CBr,-1.109
CC1:C:C(S(=O)(=O)C2:C:C:C:C:C:2):C:C:C:1NS(=O)(=O)C(F)(F)F,-4.945
CC(=O)CC(C1:C:C:C(Cl):C:C:1)C1:C(O):C2:C:C:C:C:C:2:O:C:1=O,-4.554
CCC1:C:C:C2:C:C:C:C:C:2:C:1,-4.1
CC1:C:[NH]:C(=O):N:C:1N,-0.257
ClC1:C(Cl):C(Cl):C(C2:C:C:C:C:C:2):C(Cl):C:1Cl,-6.785
O=C(NC1:C:C:C:C:C:1)C1:C:C:C:C:C:1I,-4.245
CC1:C:C2:N:C3:C(=O):[NH]:C(=O):N:C3:N(CC(O)C(O)C(O)CO):C:2:C:C:1C,-1.865
FC1:C:C:C:C:C:1Br,-3.467
OC1:C:C:C(Cl):C:C:1Cl,-3.22
CC1(C)C(C=C(Cl)Cl)C1C(=O)OCC1:C:C:C:C(OC2:C:C:C:C:C:2):C:1,-7.129
CN1C(C(=O)NC2:C:C:C:C:N:2)=C(O)C2:C:C:C:C:C:2S1(=O)=O,-3.473
CCC(=O)OCN1C(=O)NC(C2:C:C:C:C:C:2)(C2:C:C:C:C:C:2)C1=O,-3.128
C1CCCC1,-2.038
CC1:C:C:C:C:C:1N,-1.922
C=CCC1:C:C:C(OC):C:C:1,-3.074
CN(C)C(=O)NC1:C:C:C:C(OC(=O)NC(C)(C)C):C:1,-2.655
C=CC(C)C,-1.994
OC1:C:C:C:C:N:1,-1.655
CC,-1.132
ClC1:C:C:C:C:C:1Cl,-3.482
SC1:N:C2:C:C:C:C:C:2:S:1,-3.411
ClC1:C(Cl):C(Cl):C(C2:C(Cl):C(Cl):C(Cl):C(Cl):C:2Cl):C(Cl):C:1Cl,-9.589
COC1:C2:O:C:C:C:2:C:C2:C:C:C(=O):O:C:1:2,-3.25
CC(N)=O,0.494
CC1:C:C:C:C2:C:C:C:C:C:1:2,-3.802
CCN(CC)C(=O)C(C)OC1:C:C:C:C2:C:C:C:C:C:1:2,-4.088
CC(O)C(C)(C)C,-1.292
CCCC(=O)OCC,-1.545
CC1=CC(=O)C2:C:C:C:C:C:2C1=O,-2.667
C1:C:C:C2:C(:C:1):C:C:C1:C:C:C:C:C:1:2,-4.518
CC1:C:C:N:C(C):C:1,-2.098
CCCCCCCCCO,-2.46
BrCBr,-1.883
CC1CC2C3CCC4=CC(=O)C=CC4(C)C3(F)C(O)CC2(C)C1(O)C(=O)CO,-3.4
CC1:C:C:C2:C:C(C):C:C:C:2:C:1,-4.147
CCSC(=O)N(CC(C)C)CC(C)C,-3.453
O=[N+]([O-])OCC(CO[N+](=O)[O-])O[N+](=O)[O-],-2.029
NC1:C:C:C:C([N+](=O)[O-]):C:1,-1.936
CCCCCl,-1.94
O=CNC(N1C=CN(C(NC=O)C(Cl)(Cl)Cl)C=C1)C(Cl)(Cl)Cl,-3.715
CN1:C:C(C2:C:C:C:C:C:2):C(=O):C(C2:C:C:C:C(C(F)(F)F):C:2):C:1,-4.249
NC1:C:C2:C3:C:C:C:C:C:3:C:C:C:2:C2:C:C:C:C:C:1:2,-4.849
CC12CCC3C4:C:C:C(O):C:C:4CCC3C1CCC2=O,-3.872
CCN1C2:C:C:C:C:C:2N(C)C(=S)C2:C:C:C:N:C:21,-4.227
CC1CO1,-0.358
O=C1CN=C(C2:C:C:C:C:C:2)C2:C:C([N+](=O)[O-]):C:C:C:2N1,-3.473
CCNC(=S)NCC,-1.028
OC1:C:C(Cl):C:C(Cl):C:1Cl,-3.78
CCCCC(=O)OC,-1.545
NC1:C:C:C:C:C:1,-1.632
CC1:C:C:C:C2:C(C):C:C:C:C:1:2,-4.147
NS(=O)(=O)C1:C:C2:C(:C:C:1Cl)NCNS2(=O)=O,-1.72
C1=CC2:C:C:C:C3:C:C:C:C1:C:2:3,-3.682
CCCCCOC(=O)CC,-2.254
CCNC1:N:C(NC(C)C):N:C(OC):N:1,-3.185
C1:C:C:C2:C(:C:1):C:C1:C:C:C3:C:C:C:C4:C:C:C:2:C:1:C:3:4,-6.007
CCBr,-1.529
CCC#CCC,-1.933
CC1OC(OC2C(O)CC(OC3C(O)CC(OC4CCC5(C)C(CCC6C5CCC5(C)C(C7=CC(=O)OC7)CCC65O)C4)OC3C)OC2C)CC(O)C1O,-6.114
C=C(C)CC,-1.994
OC1:C:C:C:C2:C:C:C:N:C:1:2,-2.725
C1:C:C:C2:C(:C:1)CCCC2,-3.447
O=C1OC(C2:C:C:C(O):C:C:2)(C2:C:C:C(O):C:C:2)C2:C:C:C:C:C:21,-4.59
BrC1:C:C(Br):C:C(Br):C:1,-5.27
COP(=S)(OC)OC1:C:C(Cl):C(Cl):C:C:1Cl,-5.247
CC1:C:C(=O):[NH]:C(=S):[NH]:1,-0.547
C=CCC1:C:C:C(O):C(OC):C:1,-2.675
C=CCC1(C(C)C)C(=O)NC(=O)NC1=O,-1.706
C1:C:C2:C:C:C3:C:C:C:C4:C:C:C(:C:1):C:2:C:3:4,-4.957
CCOC(C)OCC,-0.899
CC1(C)CON(CC2:C:C:C:C:C:2Cl)C1=O,-3.077
CCCCOCCO,-0.775
O=[N+]([O-])C1:C(Cl):C(Cl):C(Cl):C(Cl):C:1Cl,-5.098
CC12CCC3C(CCC4CC(O)CCC43C)C1CCC2=O,-3.882
O=C1C(Cl)C(CCl)CN1C1:C:C:C:C(C(F)(F)F):C:1,-4.749
C1:C:C:C2:N:C:C:C:C:2:C:1,-2.663
COC(=O)C1:C:C(O):C(O):C(O):C:1,-1.913
OC(CN1:C:N:C:N:1)(CN1:C:N:C:N:1)C1:C:C:C(F):C:C:1F,-2.418
O=C1:[NH]:C2:C:C(Cl):C:C:C:2:O:1,-2.679
ClC1:C:C:C(C2:C(Cl):C(Cl):C(Cl):C(Cl):C:2Cl):C(Cl):C:1,-7.898
O=C1NC(=O)C(=O)C(=O)N1,0.436
ClCCCCl,-1.618
FC1:C:C:C:C(Br):C:1,-3.467
ClC1:C:C:C(Br):C:C:1,-3.928
CC(C)C(C)C,-2.584
C=CCC,-1.655
ClC1:C:C:C(Cl):C(C2:C:C(Cl):C(Cl):C(Cl):C:2Cl):C:1,-7.343
NC1:C:C:[NH]:C(=O):N:1,0.051
FC(F)(Cl)C(F)(Cl)Cl,-3.077
CCC#N,-0.269
ClC1:C:C:C(C(C2:C:C:C:C:C:2Cl)C(Cl)Cl):C:C:1,-6.008
COC1:C:C:C:C:C:1[N+](=O)[O-],-2.346
CC12CCC3C(CC=C4CC(O)CCC43C)C1CCC2=O,-3.564
CC12CC1(C)C(=O)N(C1:C:C(Cl):C:C(Cl):C:1)C2=O,-3.464
C1:C:C2:C:C:C3:C:C:C4:C:C:C5:C:C:C:C6:C(:C:1):C:2:C:3:C:4:C:5:6,-6.446
CCC(C)C1:C:C([N+](=O)[O-]):C:C([N+](=O)[O-]):C:1O,-3.715
COC1=C(OC)C2C(=O)OCC2C=C1,-0.825
OCC(O)CO,0.688
COC1:C:C:C:C:C:1O,-1.941
CCOP(=S)(OCC)OC1:N:C(Cl):C(Cl):C:C:1Cl,-4.972
CC1:C2:C:C:C:C:C:2:C:C2:C:C:C:C:C:1:2,-4.87
CC1:C:C(=O):N(C2:C:C:C:C:C:2):N:1C,-1.733
CCCCOC,-1.072
CC1:C:N:C2:C:N:C:N:C:2:N:1,-1.24
CCNC1:N:C(Cl):N:C(NCC):N:1,-2.811
CC(=O)N(C)C,0.123
CSC1:N:C(N(C)C):N:C(N(C)C):N:1,-2.689
C=C,-0.815
CC(C)(C)CCO,-1.365
C=CCC1(CC)C(=O)NC(=O)NC1=O,-1.368
OC1:C:C:C(Cl):C(Cl):C:1Cl,-3.705
COC1:C:C:C:C:C:1,-2.368
CC(C)OC(=O)C(O)(C1:C:C:C(Cl):C:C:1)C1:C:C:C:C(Cl):C:1,-5.093
CC12CCC(=O)C=C1CCC1C2C(O)CC2(C=O)C(C(=O)CO)CCC12,-3.066
COC1:C:C:C(OC2:C:C:C(NC(=O)N(C)C):C:C:2):C:C:1,-3.928
CCC1:C:C:C(C):C:C:1,-3.328
CC(C)SC(C)C,-2.162
O=[N+]([O-])C1:C:C:C:C([N+](=O)[O-]):C:1,-2.281
CCOP(=S)(OCC)SCSP(=S)(OCC)OCC,-5.471
CCC1(C(C)C)C(=O)NC(=O)NC1=O,-1.603
CC(=O)OCC(=O)C1(O)CCC2C3CCC4=CC(=O)CCC4(C)C3C(=O)CC21C,-3.426
CC1:N:C:C([N+](=O)[O-]):N:1CCO,-0.859
NC1:C:C:C(Cl):C:C:1,-2.392
CCCC(C)(C)CO,-1.719
C1:C:C:O:C:1,-1.837
COCCCNC1:N:C(NC(C)C):N:C(SC):N:1,-3.259
CN(C)C(=O)NC1CC2CC1C1CCCC21,-2.47
CC(C)(C)C1:C:C:C:C:C:1,-3.554
CC(=O)CCC1C(=O)N(C2:C:C:C:C:C:2)N(C2:C:C:C:C:C:2)C1=O,-2.645
CC(=O)OCC(=O)C1(O)CCC2C3CCC4=CC(=O)C=CC4(C)C3C(O)CC21C,-3.507
CCCOC,-0.718
CC(=O)OC(C)C,-1.191
BrC1:C:C:C:C:C:1,-3.345
CCOC(=O)C1:C:C:C(O):C:C:1,-2.761
CCCC(=O)OCN1C(=O)NC(C2:C:C:C:C:C:2)(C2:C:C:C:C:C:2)C1=O,-3.469
CCC(=O)OC1CCC2C3CCC4=CC(=O)CCC4(C)C3CCC12C,-4.87
C1:C:C2:C:C:C3:C:C:C4:C:C:C5:C:C:C6:C:C:C:1:C1:C:2:C:3:C:4:C:5:C:6:1,-6.885
O=C1:[NH]:C:N:C2:[NH]:N:C:C:1:2,-0.84
C=CCl,-1.188
CN(C)C(=O)C(C1:C:C:C:C:C:1)C1:C:C:C:C:C:1,-3.147
BrC(Br)(Br)Br,-4.063
CCN1C2:C:C(N(C)C):C:C(C):C:2NC(=O)C2:C:C:C:N:C:21,-4.408
O=C1NC(=O)C2:C:C:C:C:C:21,-1.882
OC(C1:C:C:C(Cl):C:C:1)(C1:C:N:C:N:C:1)C1:C:C:C:C:C:1Cl,-4.108
COC(=O)C1:C:C:C:C:C:1,-2.462
CN1:C:C:C(=O):[NH]:C:1=O,-0.375
CCCCC1C(=O)N(C2:C:C:C:C:C:2)N(C2:C:C:C(O):C:C:2)C1=O,-3.739
ClC1:C:C:C(Cl):C(C2:C:C:C:C(Cl):C:2Cl):C:1,-6.155
CCC1NC(=O)C2:C:C(S(N)(=O)=O):C(Cl):C:C:2N1,-2.184
CN(C)C(=O)NC1:C:C:C(Cl):C(Cl):C:1,-3.301
C1=CCCC1,-1.72
O=C1NC(=O)C(O)(C2(O)C(=O)NC(=O)NC2=O)C(=O)N1,0.919
CCCCCCCCC,-3.678
OC1:C:C:C:C:C:1Cl,-2.553
CC1:C:C2:C:C:C:C:C:2:C2:C:C:C3:C:C:C:C:C:3:C:1:2,-5.931
CCOC1:C:C:C:C:C:1,-2.66
CCOC(=O)C=CC1:C:C:C:C:C:1,-3.098
CC1:[NH]:C(=O):N(C(C)(C)C):C(=O):C:1Cl,-3.033
O=C1CN=C(C2:C:C:C:C:C:2Cl)C2:C:C([N+](=O)[O-]):C:C:C:2N1,-3.707
CC1:C:C:C(S(N)(=O)=O):C:C:1,-1.815
C#CC(C)OC(=O)NC1:C:C:C:C(Cl):C:1,-3.629
CCCCCC(C)C,-3.308
CC1(C)C(C=C(Cl)C(F)(F)F)C1C(=O)OC(C#N)C1:C:C:C:C(OC2:C:C:C:C:C:2):C:1,-6.905
CCCC1C(=O)N2C(N(C)C)=NC3:C:C:C(C):C:C:3N2C1=O,-2.9
CN1C(=O)CN=C(C2:C:C:C:C:C:2)C2:C:C(Cl):C:C:C:21,-4.05
CCC(O)C(C)C,-1.308
CCOP(=S)(OCC)OC1:C:C:C(S(C)=O):C:C:1,-3.283
CC1(C)C2CCC1(C)C(O)C2,-2.423
CC12CCC(=O)C=C1CCC1C2CCC2(C)C(O)CCC12,-3.659
CCCCCCC,-2.97
OC1:C:C:C:C2:C:C:C:C:C:1:2,-3.08
CC1CCCCC1C,-3.305
COC1:C:C2:C(N):N:C(N3CCN(C(=O)OCC(C)(C)O)CC3):N:C:2:C(OC):C:1OC,-3.958
C1:C:C2:C3:C(:C4:C:C:C5:C:C:C:C:C:5:C:4:C:C:3:C:1)CC2,-5.942
CC(=O)C1(C)CCC2C3C=C(C)C4=CC(=O)CCC4(C)C3CCC21C,-4.593
CCCCCC(C)=O,-1.554
COP(=O)(NC(C)=O)SC,-0.416
CCCCSP(=O)(SCCCC)SCCCC,-4.074
O=C1NC(=O)C2C=CC=CC12,-0.636
NS(=O)(=O)C1:C:C2:C(:C:C:1Cl)NC(C(Cl)Cl)NS2(=O)=O,-2.98
CC=C(C)C,-1.994
CC1:C:C:C(C):C(C):C:1,-3.343
OC1:C:C(Cl):C(Cl):C:C:1Cl,-3.78
C1:C:C:C2:C(:C:1):C:N:C1:C:C:C:C:C:1:2,-3.713
CCCC(C)(O)CC,-1.663
CCCCCCCC,-3.324
C1:C:C:C2:C:C3:C:C:C:C:C:3:C:C:2:C:1,-4.518
NNC1:C:C:C:C:C:1,-1.866
CCC=O,-0.394
C1CCCCCCC1,-3.355
C=CCC1(CC=C)C(=O)NC(=O)NC1=O,-1.471
ClC(Cl)Cl,-1.812
O=C1:C:C:N:C(S):[NH]:1,-0.992
O=C(NC1:C:C:C:C:C:1)N(CC1:C:C:C(Cl):C:C:1)C1CCCC1,-5.126
CC1=CCCCC1,-2.574
CCCCC(C=O)CC,-2.232
COC1:C2:O:C:C:C:2:C(OC):C2:C(=O):C:C(C):O:C:1:2,-3.603
CCC1(CCC(C)C)C(=O)NC(=O)NC1=O,-2.312
C1:C:C:C2:C3:C(:C:C:C:2:C:1)C1:C:C:C:C2:C:C:C:C3:C:1:2,-6.007
CCC(C=O)CC,-1.523
CCCOCCC,-1.426
CCCCCCCCCCCCCCO,-4.231
OC1:C(Cl):C:C:C(Cl):C:1Cl,-3.572
NC(N)=O,0.832
C#CCCC,-1.446
BrC1:C:C:C:C(Br):C:1,-4.298
CCCCCCCCCCCCCCCCCCO,-5.649
CC(=O)NC1:C:C:C:C:C:1,-1.857
O=C1C=C2CC3(O)COC4:C(:C:C:C(O):C:4O)C3=C2C=C1O,-1.795
NNC(=O)C1:C:C:N:C:C:1,-0.717
OC1C=CC2C1C1(Cl)C(Cl)=C(Cl)C2(Cl)C1(Cl)Cl,-4.156
CC(C)CCOC=O,-1.449
CC(=O)C1:C:C:C:C:C:1,-2.078
C1:C:C:C2:N:C(C3:C:C:C4:C:C:C:C:C:4:N:3):C:C:C:2:C:1,-4.903
CCOP(=O)(OCC)OCC,-0.953
CC12CCC(C1)C(C)(C)C2=O,-2.158
COC1:C:N:C2:C:N:C:N:C:2:N:1,-1.589
ClC1=C(Cl)C2(Cl)C3CC=CC3C1(Cl)C2(Cl)Cl,-5.152
CC(C)[N+](=O)[O-],-0.743
C1:C:C:C2:C(:C:1):[NH]:C1:C:C:C:C:C:1:2,-3.836
OCC(O)C(O)CO,0.675
CCCOC(=O)C1:C:C:C(N):C:C:1,-2.709
CNC(=O)C=C(C)OP(=O)(OC)OC,-0.949
O=C1CCC(=O)N1,0.282
CCC(C)C(C)C,-2.938
CCCCC1:C(C):N:C(NCC):N:C:1OS(=O)(=O)N(C)C,-3.493
CCN1C2:N:C:C:C:C:2C(=S)N(C)C2:C:C:C:N:C:21,-3.411
CCN1C(=O)C2:C:C:C:C:C:2OC2:C:C:C:C:C:21,-3.784
C1CCOCC1,-0.978
C#CCCCCC,-2.155
COC1:C:C:C2:C:C:C(=O):O:C:2:C:1CC=C(C)C,-4.076
CC1:C:C:C2:C(:C:C:C3:C4:C5:C(:C:C:C:C:5:C:C:3:2)CC4):C:1,-6.311
CCOC(=O)C1:C:C:C:C:C:1,-2.775
CC(C)CCl,-1.924
C#CC1(O)CCC2C3CCC4:C:C(O):C:C:C:4C3CCC21C,-4.317
CCCCCCCCCCCC(=O)OC,-4.025
CCCSCCC,-2.307
C1:C:C:C2:C:C3:C:C4:C:C:C:C:C:4:C:C:3:C:C:2:C:1,-5.568
CCCCCBr,-2.658
C/C=C/CCCC,-2.784
CC1:N:C:C([N+](=O)[O-]):N:1CCO,-0.859
CCCCCC1CCCC1,-3.869
ClC1:C:C:C(Cl):C(C2:C(Cl):C(Cl):C:C(Cl):C:2Cl):C:1,-7.261
CCC1(C(C)C)C(=O)NC(=O)NC1=O,-1.603
CC(Cl)(Cl)Cl,-2.232
CON(C)C(=O)NC1:C:C:C(Cl):C:C:1,-2.948
O=C1NC(=O)C2(CCCCC2)C(=O)N1,-1.405
CN(C)C(=O)OC1=CC(=O)CC(C)(C)C1,-2.304
CC1:C:C:C(Br):C:C:1,-3.667
CCOCC,-0.718
CC(C)NC(=O)N1CC(=O)N(C2:C:C(Cl):C:C(Cl):C:2)C1=O,-4.004
CCCCN(CC)C1:C([N+](=O)[O-]):C:C(C(F)(F)F):C:C:1[N+](=O)[O-],-5.205
CC1:C:C(C):C(O):C(C):C:1,-2.941
C1:C:C:C:C:C:1,-2.418
ClC1:C:C:C(I):C:C:1,-4.384
COC1:C:C:C(NC(=O)N(C)C):C:C:1Cl,-2.683
CC(C)N(C(=O)CCl)C1:C:C:C:C:C:1,-3.018
C=CC1:C:C:C:C:C:1,-2.85
COCOC,0.092
CC1:C:C:C:C:C:1C,-3.004
CCC(C)O,-0.616
OC1:C:C:C(O):C:C:1,-1.59
CC12CCC3C4:C:C:C(O):C:C:4CCC3C1CC(O)C2O,-3.858
C1:C:C:C2:C(:C:1)CC1:C:C3:C:C:C:C:C:3:C:C:12,-5.189
O=C1CNC(=O)N1,0.603
CCCCCCC1:C:C:C(O):C:C:1O,-3.493
C=CCSS(=O)CC=C,-2.045
CCOP(=S)(OCC)OC1:C:C:C2:O:C(=O):C(Cl):C(C):C:2:C:1,-5.04
CC1:C(C):C2:C3:C:C:C:C:C:3:C:C:C:2:C2:C:C:C:C:C:1:2,-6.265
CCCCC(=O)OC1(C(=O)CO)C(C)CC2C3CCC4=CC(=O)C=CC4(C)C3(F)C(O)CC21C,-5.062
O=C1:[NH]:C(=O):C2:[NH]:C(=O):[NH]:C:2:[NH]:1,-0.541
OC1:C(Cl):C:C(Cl):C(Cl):C:1Cl,-4.203
ClC1:C:C:C:C(Cl):C:1,-3.558
ClC1:C:C:C(C(C2:C:C:C(Cl):C:C:2)C(Cl)(Cl)Cl):C:C:1,-6.638
CC(C)COC=O,-1.095
CSC1:C:C:C:C:C:1,-2.87
CCN1C2:N:C:C:C:C:2C(=O)NC2:C(C(F)(F)F):C:C(C):N:C:21,-4.45
CCCCCC,-2.615
COC(=O)C1:C:C:C:N:C:1,-1.621
NS(=O)(=O)C1:C:C2:C(:C:C:1C(F)(F)F)NC(CC1:C:C:C:C:C:1)NS2(=O)=O,-3.741
ClC1:C:C:C(C2:C:C(Cl):C(Cl):C(Cl):C:2Cl):C:C:1Cl,-7.425
C=CC1(C)OC(=O)N(C2:C:C(Cl):C:C(Cl):C:2)C1=O,-4.377
CCNC1:N:C(Cl):N:C(NC(C)(C)C#N):N:1,-2.49
C1:C:C:C2:C(:C:1):C1:C:C:C:C:C:1:C1:C:C:C:C:C:2:1,-5.568
CC=C(C(=CC)C1:C:C:C(O):C:C:1)C1:C:C:C(O):C:C:1,-4.775
CCCCC(CC)COC(=O)C1:C:C:C:C:C:1C(=O)OCC(CC)CCCC,-7.117
CCC1:C:C:C:C:N:1,-2.051
COP(=O)(OC)OC(Br)C(Cl)(Cl)Br,-3.548
C1:C:C:C(C2:C:C:C:C:C:2):C:C:1,-4.079
ClC1:C:C(Cl):C(C2:C(Cl):C:C(Cl):C:C:2Cl):C(Cl):C:1,-7.179
CN(C)C1:N:C(N(C)C):N:C(N(C)C):N:1,-2.492
CC(C)CC(C)(C)O,-1.647
O=C1NC(=O)C2(CCCCCC2)C(=O)N1,-1.844
OCC1OC(O)(CO)C(O)C1O,0.471
CC1:C:C(C):C:C(O):C:1,-2.652
O=C(NC1:C:C:C:C(Cl):C:1)OCC#CCCl,-4.16
CC(=O)NC1:C:C:C(Cl):C:C:1,-2.642
ClC1:C:C:C(Cl):C(C2:C(Cl):C(Cl):C(Cl):C(Cl):C:2Cl):C:1,-7.898
CCC(C)(C)C,-2.584
CNC1:C:C:C:C:C:1,-2.097
C=CCC=C,-1.758
CC(=O)OCC(=O)C1(O)CCC2C3CCC4=CC(=O)CCC4(C)C3C(O)CC21C,-3.692
CC1:C:C([N+](=O)[O-]):C:C([N+](=O)[O-]):C:1O,-2.818
O=C1NC2:C:C:C(Cl):C:C:2C(C2:C:C:C:C:C:2Cl)=NC1O,-3.75
OC1:C:C:C:C(Cl):C:1,-2.761
ClC1:C:C:C:C(Br):C:1,-3.928
NS(=O)(=O)C1:C:C2:C(:C:C:1Cl)N=CNS2(=O)=O,-1.752
CCC1(C)C(=O)NC(=O)NC1=O,-0.911
OCCOC1:C:C:C:C:C:1,-1.761
C1:C:C:C(CC2:C:C:C:C:C:2):C:C:1,-4.09
CCCCCC(O)CC,-2.033
CCN(CC1:C(F):C:C:C:C:1Cl)C1:C([N+](=O)[O-]):C:C(C(F)(F)F):C:C:1[N+](=O)[O-],-6.584
CC(C)NC1:N:C(Cl):N:C(NC(C)C):N:1,-3.329
CCCC(C)CO,-1.381
CCCCC(C)(C)O,-1.663
CCC1:C:C:C:C:C:1,-2.988
CCC1(CC=C(C)C)C(=O)NC(=O)NC1=O,-2.126
ClC1=C(Cl)C2(Cl)C3C(Cl)C=CC3C1(Cl)C2(Cl)Cl,-5.26
C=C(Br)CC1(C(C)CC)C(=O)NC(=O)NC1=O,-2.766
CC1(C)C(C(=O)OC(C#N)C2:C:C:C:C(OC3:C:C:C:C:C:3):C:2)C1(C)C,-6.15
COC(C)(C)CCCC(C)CC=CC(C)=CC(=O)OC(C)C,-4.795
CCOC(=O)CC,-1.191
CSC1:N:C(NC(C)C):N:C(NC(C)C):N:1,-3.693
C#CC(C)N(C)C(=O)NC1:C:C:C(Cl):C:C:1,-3.199
CC1:C:C2:C:C:C:C:C:2:C:C:1C,-4.116
ClC1:C:C:C(C2:C:C(Cl):C:C:C:2Cl):C:C:1,-5.762
ClC1:C:C:C(C2:C:C(Cl):C(Cl):C(Cl):C:2Cl):C(Cl):C:1,-7.343
N#CN=C(N)N,0.361
O=[N+]([O-])C(Cl)(Cl)Cl,-1.866
ClC1:C:C:C:C(Cl):C:1C1:C:C:C:C:C:1,-4.984
COC1:C:C:C(C=O):C:C:1,-2.252
CC(=O)NC1:C:C:C([N+](=O)[O-]):C:C:1,-2.219
CCCCCCC(=O)OCC,-2.608
CC(=O)NC1:C:C:C(O):C:C:1,-1.495
C1:C:C:C2:[NH]:N:C:C:2:C:1,-2.34
CC1(C)OC2CC3C4CCC5=CC(=O)C=CC5(C)C4(F)C(O)CC3(C)C2(C(=O)CO)O1,-3.928
NC1:N:C2:[NH]:C:N:C:2:C(=O):[NH]:1,-0.67
COC(C)=O,-0.416
CC12CCC3C(CCC4CC(=O)CCC43C)C1CCC2O,-3.882
C=CC(O)CCC,-1.199
O=C1NC(=O)C2C3C(C(O)(C4:C:C:C:C:C:4)C4:C:C:C:C:N:4)=CC(C3=C(C3:C:C:C:C:C:3)C3:C:C:C:C:N:3)C12,-4.238
CCCCOCCCC,-2.135
CCCCCCCCCCCCO,-3.523
CCN1C2:N:C(N(C)CCO):C:C:C:2NC(=O)C2:C:C:C:N:C:21,-3.335
CCCC(C)(C)O,-1.308
NC1:N:C(=O):[NH]:C:C:1F,-0.132
CCCCOC1:C:C:C(C(=O)OCC):C(N(CC)CC):C:1,-5.128
CCCCCC(C)(C)O,-2.017
CC1:C(C):C(C):C(C):C(C):C:1C,-4.361
CC1:C:C:C(C(C)C):C(O):C:1,-3.129
C1:C:N:C2:N:C:N:C:C:2:N:1,-0.906
CCOP(=S)(OCC)OC1:C:C:C([N+](=O)[O-]):C:C:1,-3.949
C,-0.636
C1:C:C:C2:C(:C:1)CCN2,-2.195
O=[N+]([O-])C1:C:C:C:C2:C:C:C:C:C:1:2,-3.414
CCC(C)C(C)=O,-1.266
NC1:N:C(O):N:C2:N:C:[NH]:C:1:2,-1.74
O=C1:O:C2:C:C:C:C:C:2:C(O):C:1C(CC(O)C1:C:C:C(C2:C:C:C(Br):C:C:2):C:C:1)C1:C:C:C:C:C:1,-7.877
C[N+](=O)[O-],-0.042
CC(C)N(C(=O)SCC(Cl)=C(Cl)Cl)C(C)C,-4.578
C=CCCC=C,-2.112
C1:C:C:C2:[NH]:C:C:C:2:C:1,-2.654
CC12CCC3C(CCC4=CC(=O)CCC43C)C1CCC2=O,-3.393
C=CCCCC,-2.364
CC1:C:C:C:C(C):C:1NC(=O)C1:C:C(S(N)(=O)=O):C(Cl):C:C:1O,-3.642
CCC1CCCCC1,-3.245
CCCCCCCC(C)=O,-2.263
COC(=O)NC1:N:C2:C:C:C(C(=O)C3:C:C:C:C:C:3):C:C:2:[NH]:1,-4.118
CC(C)OC(=O)NC1:C:C:C:C(Cl):C:1,-3.544
CCN1C2:N:C:C:C:C:2C(=O)N(C)C2:C:C:C(Cl):N:C:21,-3.446
CNC(=O)OC1:C:C:C:C2:C:C:C:C:C:1:2,-3.087
C#C,-0.252
CC1:C:N:C:C(C):C:1,-2.098
C1=CCC=CC1,-1.842
CCOC(=O)N(C)C(=O)CSP(=S)(OCC)OCC,-3.738
CC(O)C1:C:C:C:C:C:1,-1.919
CC(Cl)CCl,-1.794
CCCC=C(C=O)CC,-2.081
CCOP(=S)(OCC)SCCSCC,-3.975
CC(=O)OC1(C)CCC2C3CCC4=CC(=O)CCC4(C)C3CCC21C,-4.863
ClC1:C:C:C(C2:C(Cl):C:C:C:C:2Cl):C:C:1,-5.604
O=C(NC(=O)C1:C(F):C:C:C:C:1F)NC1:C:C:C(Cl):C:C:1,-4.692
OC1:C:C(Cl):C:C:C:1OC1:C:C:C(Cl):C:C:1Cl,-5.645
CC(C)CCCCCOC(=O)C1:C:C:C:C:C:1C(=O)OCCCCCC(C)C,-7.117
CC12CCC(=O)C=C1CCC1C2C(O)CC2(C)C(C(=O)CO)CCC12,-3.454
CC1:C:C(C):C:C(C):C:1,-3.375
CCCCCCCCOC(=O)C1:C:C:C:C:C:1C(=O)OCCCCCCCC,-7.148
CCCCCCCCCCCCCCCO,-4.586
ClC1:C:C:C:C(Cl):C:1C1:C(Cl):C:C:C:C:1Cl,-5.915
CC1(C)C(=O)NC(=O)NC1=O,-0.556
CC(C)I,-2.486
O=[N+]([O-])C1:C:C:C:C:C:1[N+](=O)[O-],-2.281
CC(=O)C(C)C,-0.912
CCCCCCCCCCCCCCCC,-6.159
CC12CCC(CC1)C(C)(C)O2,-2.579
CC1:C:C:C:C2:S:C3:N:N:C:N:3:C:1:2,-2.868
CCCCCCC(C)=O,-1.909
CCCCCCCCC(=O)OC,-2.962
FC1:C:C:C(F):C:C:1,-2.636
O=C1CCC(N2C(=O)C3:C:C:C:C:C:3C2=O)C(=O)N1,-1.944
CCCN(CCC)C1:C([N+](=O)[O-]):C:C(C(F)(F)F):C:C:1[N+](=O)[O-],-5.205
CCO,0.02
O=C1NC(=O)C2(CCCC2)C(=O)N1,-0.966
CCNC(=O)C(C)OC(=O)NC1:C:C:C:C:C:1,-2.29
CC(C)=CC1C(C(=O)OCC2:C:C:C:C(OC3:C:C:C:C:C:3):C:2)C1(C)C,-6.763
CN(C)C(=O)NC1CCCCCCC1,-2.629
ClC1(Cl)C2(Cl)C3(Cl)C4(Cl)C(Cl)(Cl)C5(Cl)C3(Cl)C1(Cl)C5(Cl)C24Cl,-6.155
CCCCCCCCBr,-3.721
CCCCNC(=O)N1:C(NC(=O)OC):N:C2:C:C:C:C:C:2:1,-2.902
CC1:C(N(C)C):C(=O):N(C2:C:C:C:C:C:2):N:1C,-2.129
CCC(O)CC,-0.97
CC1:C:C:C([N+](=O)[O-]):C:C:1,-2.64
CC(C)CCCO,-1.381
C#CC1(O)CCC2C3CCC4=CC(=O)CCC4(O)C3CCC21C,-2.669
CC(C)OC(=O)C(O)(C1:C:C:C(Br):C:C:1)C1:C:C:C(Br):C:C:1,-5.833
NC1:C:N:N(C2:C:C:C:C:C:2):C(=O):C:1Cl,-2.603
CCC(C)(C)O,-0.954
CC1:C:C:C(O):C:C:1,-2.313
CCOC=O,-0.402
CN(C)C1:C:C:C:C:C:1,-2.542
C1CCC2CCCCC2C1,-3.715
CCCCS,-1.676
C1:C:C:C2:C(:C:1):C1:C:C:C:C3:C:C:C4:C:C:C:C:2:C:4:C:3:1,-6.007
ClC(Cl)=C(Cl)Cl,-3.063
CCC(=O)CC,-0.912
C=CC#N,-0.354
CC1CC2C3CC(F)C4=CC(=O)C=CC4(C)C3(F)C(O)CC2(C)C1(O)C(=O)CO,-3.539
CCCCC(C)=O,-1.2
CCNC1:N:C(NC(C)(C)C):N:C(OC):N:1,-3.505
CCCCC(C)CC,-3.308
BrCCBr,-2.102
CNC(=O)OC1:C:C:C:C:C:1C(C)C,-2.734
O=C1NCCN1C1:N:C:C([N+](=O)[O-]):S:1,-1.948
C1:C:C:C2:C(:C:1)CC1:C2:C:C:C2:C:C:C:C:C:1:2,-5.189
COC1:C:C:C:C:C:1Cl,-2.912
COP(=S)(OC)OC1:C:C(Cl):C(Br):C:C:1Cl,-5.604
O=C(CC(Cl)Cl)NC1=C(Cl)C(=O)C2:C:C:C:C:C:2C1=O,-3.988
ClC1:C:C:C(C(C2:C:C:C(Cl):C:C:2)C(Cl)Cl):C:C:1,-6.008
C=CC(=O)OC,-0.878
CN(C)C(=O)NC1:C:C:C(OC2:C:C:C(Cl):C:C:2):C:C:1,-4.477
C1:C:C:C(N=NC2:C:C:C:C:C:2):C:C:1,-4.034
CC1:C:C:C(C(C)C):C:C:1,-3.617
OC1:C(Cl):C:C:C:C:1Cl,-3.012
OCC1OC(OC2(CO)OC(CO)C(O)C2O)C(O)C(O)C1O,0.31
OC1C(O)C(O)C(O)C(O)C1O,-0.887
CN1:C(=O):C2:C(:N:C:N:2CC(O)CO):N(C):C:1=O,-0.847
O=C(NC(CO)C(O)C1:C:C:C([N+](=O)[O-]):C:C:1)C(Cl)Cl,-2.613
CCC(O)(CC)CC,-1.663
CC12CCC3C(CCC4CC5SC5CC43C)C1CCC2O,-4.545
BrC1:C:C:C:C:C:1Br,-4.172
OC1:C(Cl):C:C(Cl):C:C:1Cl,-3.648
CCCN(CCC)C1:C([N+](=O)[O-]):C:C(S(N)(=O)=O):C:C:1[N+](=O)[O-],-3.784
O=C1C2:C:C:C:C:C:2CC2:C:C:C:C:C:2N1CCF,-3.663
CC(C)C(=O)C(C)C,-1.752
CC(C)=CCC1(C(C)C)C(=O)NC(=O)NC1=O,-2.465
COC1=CC2OC3C=CC(O)=CC3C(=O)C2C(O)=C1,-1.292
CN1:C(=O):C2:C(:N:C:N:2C):N(C):C:1=O,-1.498
CC(=O)SC1CC2=CC(=O)CCC2(C)C2CCC3(C)C(CCC34CCC(=O)O4)C12,-3.842
CC1:C:C:C(O):C:C:1C,-2.621
C1:C:C:C(OC2:C:C:C:C:C:2):C:C:1,-4.254
ClC1:C:C(Cl):C(C2:C:C(Cl):C(Cl):C:C:2Cl):C:C:1Cl,-7.343
NC(=O)C1:C:C:C:N:C:1,-0.964
SC1:C:C:C:C:C:1,-2.758
CNC(=O)OC1:C:C(C):C:C(C):C:1,-2.688
ClC1=C(Cl)C2(Cl)C3C(Cl)C(Cl)CC3C1(Cl)C2(Cl)Cl,-6.039
CSSC,-1.524
NC(=O)C1:C:C:C:C:C:1,-1.501
ClC1:C:C:C:C:C:1Br,-3.84
COC(=O)C1:C:C:C:C:C:1OC1OC(COC2OCC(O)C(O)C2O)C(O)C(O)C1O,-1.493
CCCCC(O)CC,-1.678
CCN1C2:N:C:C:C:C:2C(=O)NC2:C(C):C:C(C):N:C:21,-3.891
OC1:C:C(Cl):C:C(Cl):C:1,-3.428
CC1:C:C:C:C2:C:1:C:C:C1:C:C:C:C:C:1:2,-4.87
CCCCC(CC)CO,-2.089
CC(C)N(C(=O)SCC(Cl)=CCl)C(C)C,-3.827
CC1:C:C:C:C:C:1,-2.713
ClC1:C:C:C:C(C(Cl)(Cl)Cl):N:1,-3.833
C1=CCCCCC1,-2.599
CN(C)C(=S)SSC(=S)N(C)C,-2.444
COC1=CC(=O)CC(C)C12OC1:C(Cl):C(OC):C:C(OC):C:1C2=O,-3.328
CCCCCCCCCCO,-2.814
CCC(C)(C)CC,-2.938
CNC(=O)C(C)SCCSP(=O)(OC)OC,-1.446
OC1:C:C(Cl):C(Cl):C(Cl):C:1Cl,-4.335
CCCC=O,-0.749
CC(=O)OCC(=O)C1(O)C(C)CC2C3CCC4=CC(=O)C=CC4(C)C3(F)C(O)CC21C,-3.933
CCCC,-1.907
COC1:C:C:C:C:C:1O,-1.941
CC(=O)C1(O)CCC2C3CC(C)C4=CC(=O)C=CC4(C)C3(F)C(O)CC21C,-3.507
ClC(Cl)C(Cl)(Cl)Cl,-3.382
CCOC(=O)C1:C:C:C:C:C:1C(=O)OCC,-3.016
CC(C)CO,-0.672
CC(C)CC1:C:C:C:C:C:1,-3.57
ICI,-2.958
CCCC(O)CCC,-1.678
CCCCCOC(C)=O,-1.833
OC1:C(Cl):C(Cl):C:C(Cl):C:1Cl,-4.203
CCCC1:C:C:C:C:C:1,-3.281
FC(F)(Cl)C(F)(F)Cl,-2.697
CC=CC=O,-0.604
CN(C)C(=O)N(C)C,-0.495
CC1:C:C(C):C(C):C:C:1C,-3.664
C#CC1(OC(C)=O)CCC2C3CCC4=CC(=O)CCC4C3CCC21C,-4.241
CCOP(=S)(OCC)N1C(=O)C2:C:C:C:C:C:2C1=O,-3.992
O=C(NC1:C:C:C:C:C:1)C1:C:C:C:C:C:1O,-3.782
C=C(Cl)CSC(=S)N(CC)CC,-3.254
CCCl,-1.165
CC(=O)NC1:C:C(NS(=O)(=O)C(F)(F)F):C(C):C:C:1C,-3.165
O=C(C=CC=CC1:C:C:C2:C(:C:1)OCO2)N1CCCCC1,-3.659
C/C=C\CC,-2.076
CNC(=O)ON=C(CSC)C(C)(C)C,-2.7
O=C1NC(=O)C2(CCCCCCC2)C(=O)N1,-2.284
CNC(=O)OC1:C:C(C(C)(C)C):C:C(C(C)(C)C):C:1,-4.642
O=C1CC(C2:C:C:C(O):C(O):C:2)OC2:C:C(O):C:C(O):C:21,-3.152
O=C(C1:C:C:C:C:C:1)C1:C:C:C:C:C:1,-3.612
CCCCCCCCCCCCCCCCCCCC,-7.576
C1:C:C:C(NNC2:C:C:C:C:C:2):C:C:1,-3.492
CCC(CC)CO,-1.381
OC1:C:C:N:C:C:1,-1.655
Cl/C=C\Cl,-1.561
CC1CCCC1,-2.452
CC(C)CC(C)O,-1.308
CC1:C:C:C2:C(:C:1)C(=O)N(C)C1:C:C(N):C:C:C:1O2,-3.125
CC(C)(C)CO,-1.011
CC(C)(C)C(=O)C(OC1:C:C:C(Cl):C:C:1)N1:C:N:C:N:1,-4.132
CC1:C:C(C(=O)NNCC2:C:C:C:C:C:2):N:O:1,-2.251
C=CC,-1.235
OC1:C:C:C(Cl):C:C:1CC1:C:C(Cl):C:C:C:1O,-4.924
CCOC(=O)NC1:C:C:C:C(OC(=O)NC2:C:C:C:C:C:2):C:1,-4.182
O=C1C2:C:C:C:C:C:2C(=O)C2:C:C:C:C:C:21,-3.34
CCCCCCC(C)O,-2.033
CC1=C(C(=O)NC2:C:C:C:C:C:2)S(=O)(=O)CCO1,-2.169
CCCCC1:C:C:C:C:C:1,-3.585
O=C1NC(=O)C(=O)N1,1.091
COP(=S)(OC)OC1:C:C:C(SC2:C:C:C(OP(=S)(OC)OC):C:C:2):C:C:1,-6.678
NS(=O)(=O)C1:C:C(C2(O)NC(=O)C3:C:C:C:C:C:32):C:C:C:1Cl,-2.564
CC(=O)OCC(C)C,-1.463
CC(C)C(C)(C)C,-2.922
ClC1:C:C:C(C2:C(Cl):C:C(Cl):C(Cl):C:2Cl):C(Cl):C:1Cl,-7.746
N#CC1:C:C:C:C:C:1C#N,-1.717
CC1:C:C:C:C([N+](=O)[O-]):C:1,-2.64
FC(F)(F)C(Cl)Br,-2.608
CNC(=O)ON=C(SC)C(=O)N(C)C,-0.908
CCSCCSP(=S)(OC)OC,-3.323
CCC(C)C,-2.245
COP(=O)(OC)OC(=CCl)C1:C:C(Cl):C(Cl):C:C:1Cl,-4.32
